County,State,Value
Aleutians East,AK,106.1
Pitkin,CO,133.8
Eagle,CO,157.5
Summit,CO,171.8
Aleutians West,AK,184.7
San Miguel,CO,186
Ouray,CO,210.9
Teton,WY,215.2
Manassas Park,VA,221.1
Blaine,ID,234.1
Douglas,CO,242.2
Collier,FL,247.8
Fairfax,VA,253.7
Vega Alta,PR,254.3
Routt,CO,256.8
Toa Alta,PR,258
Barranquitas,PR,258.1
Carver,MN,258.8
Marin,CA,261
Hatillo,PR,261.6
Camuy,PR,261.9
Ceiba,PR,261.9
Park,CO,262.4
Washington,MN,266.7
Morovis,PR,267
Quebradillas,PR,267.8
Loiza,PR,267.9
Dakota,MN,268.6
Montgomery,MD,270
Yabucoa,PR,270.3
Trujillo Alto,PR,270.5
Juncos,PR,270.6
Naranjito,PR,270.9
Corozal,PR,270.9
Canovanas,PR,270.9
Cayey,PR,271.1
Chatham,NC,272.9
Loudoun,VA,274
Carolina,PR,274.9
Luquillo,PR,276.4
San Lorenzo,PR,276.5
Lincoln,ID,276.6
Gurabo,PR,277.1
Humacao,PR,277.5
Rio Grande,PR,277.5
Cidra,PR,278.1
Fairfax City,VA,278.1
Comerio,PR,278.8
Arecibo,PR,278.9
San Juan,PR,279
Isabela,PR,279.1
Las Piedras,PR,279.7
Caguas,PR,279.7
Camas,ID,279.8
Hennepin,MN,279.9
Aguada,PR,280
Beaufort,SC,280
Washington,UT,280.1
Rincon,PR,280.3
Anoka,MN,280.6
Guaynabo,PR,281.7
Cabo Rojo,PR,281.7
Sarasota,FL,282.2
Hormigueros,PR,282.4
Hubbard,MN,282.6
Taos,NM,282.6
Aguas Buenas,PR,283.9
San Sebastian,PR,284.1
Lincoln,SD,284.4
Gunnison,CO,285.4
Florida,PR,286.1
Dorado,PR,286.2
Bayamon,PR,286.3
Albemarle,VA,286.4
Grand,CO,286.5
Kodiak Island,AK,287.6
Arlington,VA,287.9
Ciales,PR,288.2
Barceloneta,PR,288.5
Catano,PR,289.9
Manati,PR,290
Cavalier,ND,290.5
Elbert,CO,290.8
Moca,PR,291.7
Mayaguez,PR,291.8
Falls Church,VA,292.3
Sherburne,MN,292.3
Presidio,TX,293
Wright,MN,293.4
Rice,MN,293.8
Culebra,PR,294.5
Leelanau,MI,295.3
Hinsdale,CO,295.9
Anasco,PR,296.6
Cook,MN,296.8
San Francisco,CA,297.5
San Mateo,CA,298
Vieques,PR,298.1
Aibonito,PR,298.4
San German,PR,299.5
Naguabo,PR,300.4
Santa Clara,CA,300.7
Utuado,PR,300.8
Scott,MN,300.9
Toa Baja,PR,301.3
Howard,MD,303.4
Watauga,NC,303.8
Broomfield,CO,303.8
Stearns,MN,304.4
Monterey,CA,304.5
Fajardo,PR,304.7
Benton,OR,305.5
Valley,ID,306.3
Sully,SD,307.1
Arapahoe,CO,307.2
Boulder,CO,307.3
Middlesex,MA,307.5
York,VA,307.5
Moffat,CO,307.7
San Juan,WA,308.2
Martin,FL,309.3
Williamsburg,VA,309.5
Los Alamos,NM,309.6
Santa Fe,NM,310.1
Mora,NM,310.2
Clay,MN,310.3
Waseca,MN,310.5
Santa Cruz,CA,310.6
Jeff Davis,TX,310.8
Washington,OR,312.6
Glades,FL,313.1
Alexandria,VA,313.3
Park,MT,313.4
Steele,MN,313.8
Kandiyohi,MN,314.7
Scott,KS,314.9
Costilla,CO,315.3
Daniels,MT,315.3
Garfield,UT,315.4
Isanti,MN,315.5
Prince William,VA,315.7
Maricao,PR,315.9
Archuleta,CO,316.8
Olmsted,MN,317.2
Gallatin,MT,317.2
King,WA,317.5
Coconino,AZ,317.6
Las Marias,PR,317.8
Pinal,AZ,317.9
Nicollet,MN,318.7
Fort Bend,TX,318.9
Blue Earth,MN,319.1
Lane,KS,319.5
Garfield,CO,319.6
Cumberland,ME,319.9
Williamson,TX,320
Collin,TX,320.2
Chelan,WA,320.3
Cass,MN,320.4
Sioux,IA,320.6
Mono,CA,320.8
Waukesha,WI,321.1
Dane,WI,321.2
Ramsey,MN,321.3
Palm Beach,FL,321.4
Suffolk,MA,321.7
Kalawao,HI,321.9
Cheyenne,CO,321.9
Park,WY,321.9
Finney,KS,322.1
Kearny,KS,322.3
San Benito,CA,322.4
Guayama,PR,322.7
Charlotte,FL,323
Larimer,CO,323.1
Jackson,CO,323.5
Rio Blanco,CO,323.6
Travis,TX,323.7
Stanley,SD,323.9
King George,VA,324.4
Lafayette,WI,324.7
Hamilton,IN,324.8
Orange,NC,325
Norfolk,MA,325.6
Boise,ID,325.8
Lee,FL,326.2
Dallas,IA,326.2
Salinas,PR,326.3
Clear Creek,CO,326.4
Becker,MN,326.5
Maui,HI,326.6
Jefferson,WA,326.6
Kauai,HI,326.7
Broadwater,MT,326.8
Alameda,CA,327
Cass,ND,328.2
Nevada,CA,328.3
Meeker,MN,328.4
Chittenden,VT,328.4
Wichita,KS,328.8
Chippewa,MN,329.5
Yuma,AZ,329.6
Crow Wing,MN,329.7
Lajas,PR,329.8
La Plata,CO,330
Portage,WI,330.1
Winnebago,WI,330.2
Lemhi,ID,330.2
Placer,CA,330.6
Chaffee,CO,330.7
Ward,ND,330.9
McIntosh,GA,331
Vega Baja,PR,331
Adams,ND,331.1
Chisago,MN,331.1
Sandoval,NM,331.2
St. Johns,FL,331.3
Rio Arriba,NM,331.7
Lyon,MN,332.1
Beltrami,MN,332.4
Orocovis,PR,332.4
Granite,MT,333
Dona Ana,NM,333
Hunterdon,NJ,333.3
Mills,IA,333.5
Marathon,WI,333.6
St. Croix,WI,333.7
DeSoto,FL,333.8
Lincoln,CO,334.2
York,ME,335.5
Madison,MT,335.6
Cache,UT,335.6
Jackson,MN,335.7
Mower,MN,335.7
Sumter,FL,336
Contra Costa,CA,336.1
Stafford,VA,336.2
Lewis and Clark,MT,336.3
Gilpin,CO,336.4
Transylvania,NC,336.6
Ravalli,MT,336.8
Manatee,FL,336.8
Santa Barbara,CA,337.1
Catron,NM,337.4
Renville,ND,337.5
Lake,IL,337.5
DuPage,IL,338.3
Story,IA,338.3
Fairfield,CT,338.5
Rappahannock,VA,338.8
Green,WI,338.9
Essex,MA,338.9
Meagher,MT,339.1
Carroll,NH,339.1
Dunn,ND,339.2
San Juan,UT,339.2
Thomas,NE,339.4
McHenry,ND,339.5
Clackamas,OR,339.7
Wake,NC,339.7
Fluvanna,VA,339.8
Benton,MN,340.3
Grafton,NH,340.5
Jones,SD,340.5
Brewster,TX,340.7
Yellow Medicine,MN,340.9
Nobles,MN,341
Barnes,ND,341
Washington,CO,341.5
Kit Carson,CO,341.6
James City,VA,341.9
Honolulu,HI,342
Morrison,MN,342.3
Tom Green,TX,342.3
McKinley,NM,342.4
Wood,WI,342.9
Colfax,NM,343
Patillas,PR,343.2
Norman,MN,343.3
Brown,MN,343.4
Bear Lake,ID,343.5
Mille Lacs,MN,343.7
Bergen,NJ,343.8
San Juan,NM,343.9
Albany,WY,343.9
Sarpy,NE,344
Douglas,NV,344.2
Somerset,NJ,344.2
Polk,OR,344.6
Lac qui Parle,MN,344.7
Arroyo,PR,344.7
Fredericksburg,VA,344.8
Lares,PR,344.9
Weld,CO,345.1
Greene,VA,345.3
Champaign,IL,345.7
Lincoln,MN,345.9
Murray,MN,346
Fauquier,VA,346
Hays,TX,346
Lane,OR,346.2
New York,NY,346.2
Anchorage,AK,346.2
Maricopa,AZ,346.3
Franklin,WA,346.3
Denton,TX,346.4
Aguadilla,PR,346.7
Teton,ID,346.7
Cuming,NE,346.7
Steele,ND,346.9
Wallace,KS,347
Island,WA,347
Billings,ND,347.1
Minidoka,ID,347.2
Blanco,TX,347.2
Stevens,KS,347.3
Indian River,FL,347.5
Snyder,PA,347.5
McLean,ND,347.6
El Dorado,CA,347.7
Blount,TN,347.8
Riley,KS,348.4
Maunabo,PR,348.5
Le Sueur,MN,348.7
Renville,MN,348.7
Douglas,MN,348.7
Kanabec,MN,348.8
Frederick,VA,348.9
Douglas,WA,349
Redwood,MN,349.3
Deschutes,OR,349.3
Durham,NC,349.8
Lawrence,SD,350.1
Sabana Grande,PR,350.2
Butte,ID,350.2
Lake,MN,350.3
Jayuya,PR,350.6
Spotsylvania,VA,351
Henderson,NC,351
Custer,ID,351.1
Ventura,CA,351.1
Todd,MN,351.2
Taylor,WI,351.5
Carbon,MT,351.8
Morris,NJ,352
Winchester,VA,352.2
Mecklenburg,NC,352.3
Swift,MN,352.5
Ottawa,MI,352.5
Louisa,VA,352.8
Mineral,CO,353
Newport,RI,353.1
Lincoln,NM,353.2
Gillespie,TX,353.4
Lincoln,LA,353.5
Hidalgo,TX,353.6
Williamson,TN,353.8
Orange,CA,353.8
Sheridan,ND,353.9
Delaware,OH,354.1
Westchester,NY,354.1
Adjuntas,PR,354.1
La Crosse,WI,354.2
Cheyenne,KS,354.2
Middlesex,CT,354.3
Pennington,MN,354.4
Rockingham,VA,354.4
Emmet,IA,354.6
Napa,CA,354.7
Jefferson,CO,354.7
Adams,ID,354.8
Traill,ND,354.8
Burleigh,ND,354.8
Schleicher,TX,355
Kane,IL,355.1
Pembina,ND,355.3
Teton,MT,355.3
Cottonwood,MN,355.4
Bucks,PA,355.7
Mason,TX,355.7
Sibley,MN,355.8
Lyon,IA,355.9
San Juan,CO,355.9
San Diego,CA,355.9
Ransom,ND,356
Jackson,OR,356.5
Rockingham,NH,356.6
Matanuska-Susitna,AK,356.7
Slope,ND,356.9
Pondera,MT,357.1
Snohomish,WA,357.1
Plymouth,IA,357.5
Cass,NE,357.6
St. Louis,MN,357.7
Bottineau,ND,357.7
Virginia Beach,VA,357.7
Houston,MN,357.9
Nantucket,MA,358.3
Dukes,MA,358.3
San Luis Obispo,CA,358.4
Tolland,CT,358.4
Clark,WA,358.4
Crook,WY,358.4
Lamoille,VT,358.5
Oconee,GA,358.5
Santa Cruz,AZ,358.8
Winona,MN,358.8
Marshall,MN,358.9
Hughes,SD,358.9
Logan,KS,359.1
Scott,IA,359.2
Oliver,ND,359.3
Sonoma,CA,359.4
Llano,TX,359.5
Iowa,WI,359.5
Yolo,CA,359.8
Lancaster,NE,359.8
Pinellas,FL,359.9
Fillmore,MN,360.3
Logan,CO,360.6
Yauco,PR,360.6
Rockland,NY,360.7
Alachua,FL,360.8
Franklin,ID,360.8
Hamilton,IA,360.9
Hillsborough,NH,360.9
Washington,RI,360.9
Beaverhead,MT,361
Kidder,ND,361.5
Leon,FL,361.5
Ponce,PR,361.6
Monroe,IN,361.8
Haskell,KS,361.8
Union,PA,361.9
Fayette,GA,362
Washington,WI,362.1
Douglas,WI,362.2
Meade,SD,362.3
Greeley,NE,362.3
Essex,VT,362.4
Guanica,PR,362.5
Grant,OR,362.5
Pope,MN,362.7
Clay,KS,362.7
Guayanilla,PR,362.7
Kittitas,WA,362.7
Hudspeth,TX,362.8
Haakon,SD,362.8
Johnson,NE,362.8
Chase,NE,362.9
Livingston,NY,362.9
Solano,CA,362.9
Skagit,WA,362.9
Clallam,WA,363
Imperial,CA,363
Gwinnett,GA,363
Cameron,TX,363.1
Morgan,CO,363.3
Pima,AZ,363.3
Pennington,SD,363.4
Bernalillo,NM,363.6
Whatcom,WA,363.8
Yamhill,OR,364.3
Hettinger,ND,364.3
Apache,AZ,364.3
Woodbury,IA,364.3
Sullivan,NH,364.5
Dunn,WI,364.5
Thurston,WA,364.7
Colfax,NE,364.8
El Paso,CO,364.8
Ada,ID,364.9
Otoe,NE,364.9
Tillamook,OR,364.9
Yavapai,AZ,365.1
Sterling,TX,365.1
Pendleton,WV,365.5
Penuelas,PR,365.5
Ziebach,SD,365.6
Richland,ND,365.6
Koochiching,MN,365.6
Columbia,WA,365.8
Prince George,VA,365.8
Poquoson,VA,365.9
Pine,MN,365.9
Aitkin,MN,365.9
Platte,MO,365.9
Gilliam,OR,365.9
Cibola,NM,366.2
Huerfano,CO,366.3
Wabasha,MN,366.6
Howard,NE,366.8
Hartford,CT,366.9
El Paso,TX,366.9
Idaho,ID,367
Butler,NE,367
Adams,CO,367.1
Navajo,AZ,367.1
Roseau,MN,367.2
Merrick,NE,367.2
Valdez-Cordova,AK,367.3
Cherokee,IA,367.3
Gosper,NE,367.4
Douglas,KS,367.5
Barnstable,MA,367.6
Red Lake,MN,367.8
Walla Walla,WA,367.8
Juana Diaz,PR,368.3
Burnett,WI,368.4
Lincoln,OR,368.9
Oxford,ME,369.1
Pueblo,CO,369.2
Moore,NC,369.3
Jasper,IA,369.4
Summit,UT,369.6
New London,CT,370
Montezuma,CO,370.2
Hodgeman,KS,370.2
Union,SD,370.2
Loudon,TN,370.4
Lake of the Woods,MN,370.5
Uintah,UT,370.6
Watonwan,MN,370.7
DeKalb,IL,370.7
Berkshire,MA,370.8
Nance,NE,370.8
Goodhue,MN,370.9
Teller,CO,370.9
Burnet,TX,370.9
Buncombe,NC,371
Wheeler,OR,371.1
Kimball,NE,371.2
Stevens,MN,371.2
Butte,SD,371.2
Hall,NE,371.3
Mercer,ND,371.5
New Haven,CT,371.6
Latah,ID,371.8
Grand,UT,371.8
Itasca,MN,371.9
Plymouth,MA,372.2
Custer,NE,372.2
Highland,VA,372.2
Wheeler,NE,372.3
Columbia,GA,372.4
Madison,IA,372.5
Chester,PA,372.6
Linn,IA,372.7
Benton,IA,372.8
Marion,OR,372.8
Merrimack,NH,372.8
Dundy,NE,372.8
Iowa,IA,373
Sherman,KS,373.1
Freeborn,MN,373.1
Granville,NC,373.3
Golden Valley,ND,373.3
Washington,TX,373.3
Guadalupe,NM,373.6
Winneshiek,IA,373.6
St. Lucie,FL,373.6
Stark,ND,373.7
Custer,CO,373.9
Las Animas,CO,374
Johnson,IA,374
Monroe,NY,374
Hampshire,MA,374.1
Willacy,TX,374.1
Dawson,NE,374.5
Valley,NE,374.5
Southeast Fairbanks,AK,374.5
Monroe,FL,374.5
Dolores,CO,374.6
Phelps,NE,374.6
Saratoga,NY,374.6
Saguache,CO,374.7
Baker,OR,375
Sherman,NE,375.3
Skamania,WA,375.3
Dawson,MT,375.4
Klickitat,WA,375.5
Crowley,CO,375.7
Lehigh,PA,375.8
Spokane,WA,376
Rockbridge,VA,376
Morrow,OR,376
Tompkins,NY,376.1
Jerauld,SD,376.1
Okanogan,WA,376.2
Forsyth,GA,376.2
Jackson,NC,376.3
Buffalo,NE,376.3
Grand Isle,VT,376.3
Dodge,MN,376.5
Middlesex,NJ,376.5
Essex,NY,376.6
Dakota,NE,376.7
Bent,CO,376.7
McLeod,MN,376.8
Hood River,OR,376.9
Cassia,ID,377
Washtenaw,MI,377.1
Augusta,VA,377.1
Deuel,SD,377.2
Jefferson,MT,377.2
Josephine,OR,377.2
Cheshire,NH,377.4
Faribault,MN,377.5
Washakie,WY,377.5
Stephenson,IL,377.6
Yuma,CO,377.7
Kewaunee,WI,377.8
Benton,WA,377.9
Kendall,IL,377.9
Pipestone,MN,377.9
Southampton,VA,378
Kitsap,WA,378
Jackson,SD,378.1
Gage,NE,378.2
Seminole,FL,378.2
Ida,IA,378.3
Clay,IA,378.3
Rock,MN,378.3
Worcester,MA,378.3
Hidalgo,NM,378.3
Lincoln,KS,378.6
Yukon-Koyukuk,AK,378.7
Jefferson,ID,378.8
Charleston,SC,378.8
Litchfield,CT,378.9
Flathead,MT,378.9
Strafford,NH,379
Warren,NY,379
Alexander,NC,379.2
Cascade,MT,379.2
Marshall,KS,379.2
Culpeper,VA,379.3
Saunders,NE,379.6
Pend Oreille,WA,379.7
Tooele,UT,379.7
Northampton,PA,379.8
Daggett,UT,379.9
Cobb,GA,379.9
Alpine,CA,380
Polk,NC,380
Custer,SD,380
Orange,VA,380
Shenandoah,VA,380
Valencia,NM,380.3
McPherson,SD,380.5
Lincoln,NE,380.6
Frontier,NE,380.8
Sioux,NE,380.9
Knox,ME,381
Denver,CO,381.2
Otter Tail,MN,381.3
Douglas,OR,381.3
Montgomery,PA,381.3
Franklin,MA,381.5
Stutsman,ND,381.6
Grant,NM,381.7
Grand Traverse,MI,381.7
Dodge,NE,382.1
Phillips,MT,382.1
Wayne,NY,382.2
DeKalb,GA,382.2
Goochland,VA,382.5
Pierce,WI,382.5
Umatilla,OR,382.6
Yates,NY,382.7
St. Charles,MO,382.7
Garfield,WA,382.7
Coamo,PR,382.7
Seneca,NY,382.8
Guilford,NC,382.9
Charlton,GA,382.9
Clarke,VA,382.9
Laramie,WY,383
Woodford,IL,383
Washington,NE,383.1
Thomas,KS,383.2
Mason,WA,383.2
Centre,PA,383.5
Ness,KS,383.6
Worth,IA,383.6
LaMoure,ND,383.7
Ontario,NY,383.8
Bristol,MA,383.8
O'Brien,IA,383.8
Putnam,OH,384.1
Dickinson,IA,384.2
Weston,WY,384.2
Cochise,AZ,384.3
Geauga,OH,384.6
Grant,MN,384.6
Hendricks,IN,384.7
Seward,KS,384.9
Hampden,MA,384.9
Wibaux,MT,385.2
Lincoln,WY,385.3
Midland,MI,385.4
Grand Forks,ND,385.4
Union,OR,385.5
Logan,ND,385.6
Dare,NC,385.6
Brookings,SD,385.6
Edmunds,SD,385.7
Dickey,ND,385.7
Douglas,NE,385.8
Judith Basin,MT,385.8
Forsyth,NC,385.9
Boone,MO,386
Missoula,MT,386.1
Talbot,MD,386.1
Fallon,MT,386.2
Greenlee,AZ,386.2
Warrick,IN,386.4
Cedar,IA,386.5
Polk,MN,386.5
Kent,RI,386.5
Faulk,SD,386.6
Johnson,KS,386.6
Cass,MO,386.7
Poweshiek,IA,386.8
Spink,SD,386.8
Nemaha,KS,387
Hall,GA,387.1
Clark,ID,387.2
Potter,SD,387.2
Warren,OH,387.3
Big Stone,MN,387.5
Bristol,RI,387.5
Santa Isabel,PR,387.6
Logan,NE,387.6
Webb,TX,387.7
Chesterfield,VA,387.8
Hamilton,NE,388
Polk,IA,388
Kootenai,ID,388.1
Fond du Lac,WI,388.1
Moody,SD,388.3
Flagler,FL,388.3
Cherokee,GA,388.4
Stevens,WA,388.4
Lincoln,WA,388.5
Monmouth,NJ,388.5
Caswell,NC,388.7
Delaware,IA,388.7
McMullen,TX,388.7
Prairie,MT,388.8
Stanton,NE,388.9
Alamosa,CO,389.1
Goshen,WY,389.1
Hardee,FL,389.3
Hancock,IL,389.3
Knox,NE,389.3
Lake,OR,389.3
Lincoln,ME,389.3
Marshall,SD,389.4
Sweet Grass,MT,389.5
Fayette,KY,389.5
Miami-Dade,FL,389.5
Polk,NE,389.9
Bon Homme,SD,390
Brown,SD,390.2
Addison,VT,390.2
Gregory,SD,390.3
Outagamie,WI,390.3
McLean,IL,390.5
Bremer,IA,390.7
Wells,ND,390.7
Barron,WI,390.7
Jefferson,WI,390.8
Cherry,NE,390.8
Carter,MT,390.8
Multnomah,OR,390.9
Bonner,ID,391
Union,NJ,391.2
Kittson,MN,391.2
Fairbanks North Star,AK,391.3
Jones,IA,391.3
Langlade,WI,391.4
Minnehaha,SD,391.4
Zapata,TX,391.5
Keya Paha,NE,391.5
Pawnee,NE,391.5
Garfield,NE,391.7
Hudson,NJ,391.7
Morgan,OH,391.7
Lake,FL,391.8
Beaver,UT,391.9
Liberty,MT,392
Boone,NE,392
Washington,IA,392.1
Powhatan,VA,392.1
Jasper,SC,392.3
Allamakee,IA,392.3
Phillips,CO,392.3
Wayne,NE,392.3
Los Angeles,CA,392.4
Hawaii,HI,392.5
Highlands,FL,392.6
Owyhee,ID,392.7
Clearwater,ID,392.8
Harney,OR,392.8
New Kent,VA,392.8
Starr,TX,392.9
Clark,WI,393.3
Warren,IA,393.3
Osceola,IA,393.4
Greeley,KS,393.4
Menard,IL,393.4
Rockwall,TX,393.4
Lancaster,PA,393.4
Hernando,FL,393.5
Harding,NM,393.5
Mercer,NJ,393.7
Baca,CO,393.8
Campbell,SD,393.9
Salt Lake,UT,393.9
Stanton,KS,394
Cedar,NE,394
Converse,WY,394.2
Grant,KS,394.3
Seward,NE,394.4
Denali,AK,394.5
Rio Grande,CO,394.6
Benzie,MI,394.7
Windsor,VT,394.7
Fremont,CO,394.8
Graham,AZ,394.9
Ashe,NC,394.9
Wasatch,UT,394.9
Blaine,NE,395.2
Yellowstone,MT,395.3
Hayes,NE,395.3
Monroe,IL,395.3
Madison,VA,395.3
McIntosh,ND,395.4
Musselshell,MT,395.6
Towns,GA,395.6
Hamlin,SD,395.6
Oglala Lakota,SD,395.8
Clay,MO,395.8
Lake,MT,395.9
Nemaha,NE,395.9
Jessamine,KY,395.9
Audubon,IA,396
Porter,IN,396
Crawford,IA,396.1
Sargent,ND,396.1
Comal,TX,396.1
Fremont,IA,396.3
Brule,SD,396.4
Belknap,NH,396.5
Elmore,ID,396.6
Putnam,NY,396.9
Roanoke,VA,396.9
Union,GA,397
Clay,NC,397.1
Wilkes,NC,397.1
Kings,CA,397.2
Platte,NE,397.3
Wheatland,MT,397.3
Trempealeau,WI,397.5
Kenedy,TX,397.6
Petroleum,MT,397.6
Dixon,NE,397.8
Sublette,WY,397.8
Madison,NE,397.9
Macon,NC,398
Treasure,MT,398.1
Tama,IA,398.1
McPherson,NE,398.2
Custer,MT,398.3
Saline,KS,398.4
Asotin,WA,398.5
San Saba,TX,398.6
Warren,VA,398.7
Walworth,WI,398.8
Lake,SD,398.8
Rockdale,GA,399.2
Banner,NE,399.2
Burke,ND,399.2
Gove,KS,399.3
Conejos,CO,399.4
Rich,UT,399.4
Habersham,GA,399.6
Elko,NV,399.6
Martin,MN,399.6
Allegan,MI,399.7
Kiowa,CO,399.7
Haines,AK,399.7
Juneau,AK,399.7
Washington,VT,400
Platte,WY,400
Bedford,VA,400
Hancock,IN,400.1
Oneida,ID,400.1
Lincoln,WI,400.2
Hand,SD,400.3
Kalamazoo,MI,400.4
Kingsbury,SD,400.5
Eau Claire,WI,400.6
Grayson,VA,400.6
Isle of Wight,VA,400.7
Winnebago,IA,400.8
Traverse,MN,400.9
Rosebud,MT,400.9
Palo Alto,IA,401
McHenry,IL,401.1
Hamilton,NY,401.2
Meade,KS,401.4
Columbia,WI,401.4
Gilchrist,FL,401.5
Hancock,ME,401.7
Hot Springs,WY,401.7
Duchesne,UT,401.7
Greenville,SC,401.8
Providence,RI,401.8
Chippewa,WI,401.9
Sagadahoc,ME,401.9
Golden Valley,MT,401.9
Clatsop,OR,402
Windham,CT,402
Morgan,WV,402
Perkins,NE,402.3
Carlton,MN,402.3
Columbia,OR,402.4
Black Hawk,IA,402.4
Boone,IA,402.4
Orange,FL,402.5
Crook,OR,402.5
Mineral,MT,402.5
Pike,PA,402.5
Clark,SD,402.6
Windham,VT,402.6
Schoolcraft,MI,402.6
Madison,NY,402.7
White,GA,402.7
Montgomery,VA,402.7
Montrose,CO,402.9
Jim Hogg,TX,403
Boundary,ID,403.1
Pierce,NE,403.1
Towner,ND,403.1
Garfield,MT,403.2
Pepin,WI,403.5
Juniata,PA,403.7
York,PA,403.8
Yancey,NC,403.8
Passaic,NJ,403.9
San Miguel,NM,403.9
Union,NC,403.9
Berkeley,SC,403.9
Lyman,SD,403.9
Davis,UT,403.9
Val Verde,TX,404
Greene,OH,404
Brown,IN,404.1
Oldham,KY,404.2
Penobscot,ME,404.2
New Castle,DE,404.3
Sutton,TX,404.3
Noble,OH,404.4
Clayton,IA,404.7
Wabaunsee,KS,404.8
Dodge,WI,404.9
Perkins,SD,405
Franklin,VT,405.1
Buchanan,IA,405.1
Pottawatomie,KS,405.2
Cabarrus,NC,405.2
Genesee,NY,405.3
Reno,KS,405.3
Calhoun,IL,405.3
Gray,KS,405.5
Whitman,WA,405.5
Buffalo,WI,405.6
Morgan,UT,405.7
Stillwater,MT,405.7
Washington,ME,405.8
Hillsborough,FL,405.8
Gloucester,VA,405.8
Mifflin,PA,406
Pasco,FL,406
Franklin,PA,406.2
Green Lake,WI,406.2
Cumberland,VA,406.3
Brazos,TX,406.4
Amelia,VA,406.4
Rabun,GA,406.4
Crawford,WI,406.5
Colusa,CA,406.8
Leavenworth,KS,406.8
Toole,MT,406.8
Brunswick,NC,406.9
Buena Vista,IA,407
Lexington,SC,407
McPherson,KS,407.1
Washington,NY,407.2
Person,NC,407.3
Cheyenne,NE,407.3
Jo Daviess,IL,407.3
Grundy,IA,407.4
Kearney,NE,407.4
Kendall,TX,407.4
Sussex,NJ,407.5
Sedgwick,CO,407.5
Beadle,SD,407.8
Wallowa,OR,407.9
Manistee,MI,407.9
Griggs,ND,408.2
Day,SD,408.2
Polk,WI,408.3
Bullitt,KY,408.3
Davie,NC,408.4
Saline,NE,408.5
Keith,NE,408.5
Deuel,NE,408.5
Ferry,WA,408.5
Richland,WI,408.6
Rutland,VT,408.6
Grant,ND,408.6
Caldwell,TX,408.8
Waldo,ME,409
Dubuque,IA,409
Burt,NE,409.1
Morton,ND,409.1
Floyd,VA,409.1
Grant,WA,409.2
Shelby,AL,409.2
Williamson,IL,409.6
Shelby,IA,409.6
Pierce,WA,409.6
Union,NM,409.7
Terrell,TX,409.8
Mitchell,IA,409.9
Piatt,IL,410
Ozaukee,WI,410
Millard,UT,410.1
Buffalo,SD,410.1
Amador,CA,410.1
Glacier,MT,410.3
Washburn,WI,410.3
Real,TX,410.4
Franklin,VA,410.5
Codington,SD,410.6
Sac,IA,410.6
Twin Falls,ID,410.7
Lewis,ID,410.7
Kimble,TX,410.8
Monroe,PA,410.9
Mitchell,KS,410.9
Henrico,VA,411
Mesa,CO,411.1
Atchison,MO,411.3
St. Mary's,MD,411.3
King and Queen,VA,411.4
Adams,WA,411.5
Marion,KS,411.6
Alleghany,NC,411.7
Rock,WI,411.7
Kerr,TX,411.7
Vernon,WI,411.8
Villalba,PR,411.8
Dawes,NE,411.8
Harvey,KS,411.8
Delta,CO,411.8
St. Tammany,LA,412.1
Page,IA,412.2
Brown,WI,412.2
Bradford,FL,412.4
Richland,MT,412.5
Grant,SD,412.5
McCormick,SC,412.6
Hampshire,WV,412.6
Alamance,NC,412.6
Boone,IL,412.6
Westmoreland,VA,412.7
Grant,WI,412.8
Harrisonburg,VA,412.9
Caledonia,VT,412.9
Washington,KS,412.9
Boone,KY,412.9
Carteret,NC,413
Bowman,ND,413
Lancaster,VA,413
Sauk,WI,413.1
Adams,PA,413.2
Stafford,KS,413.2
Okaloosa,FL,413.3
Hitchcock,NE,413.3
Onondaga,NY,413.5
Roberts,SD,413.5
Door,WI,413.6
Bandera,TX,413.7
Aurora,SD,413.8
Prowers,CO,414
Franklin,IL,414.2
Big Horn,MT,414.2
Manassas,VA,414.2
Powell,MT,414.3
Russell,KS,414.4
Hyde,SD,414.4
Edwards,TX,414.4
Craig,VA,414.5
Louisa,IA,414.6
Utah,UT,414.8
Monroe,WV,414.9
Ogle,IL,415
Monroe,WI,415.1
Spencer,IN,415.3
Hardin,IA,415.5
Carroll,IA,415.6
Campbell,WY,415.6
Orleans,VT,415.7
Lampasas,TX,415.7
Kenai Peninsula,AK,415.8
New Hanover,NC,415.9
Johnson,TN,415.9
Benton,AR,416.1
Mendocino,CA,416.1
Fulton,GA,416.1
Albany,NY,416.3
Bennington,VT,416.3
Sanpete,UT,416.5
Yankton,SD,416.5
Lyon,KS,416.6
Broward,FL,416.8
Gila,AZ,416.8
Walker,TX,416.8
Juab,UT,416.9
Rawlins,KS,416.9
Cortland,NY,416.9
Jackson,WI,417
Antelope,NE,417.2
Franklin,IA,417.3
Harford,MD,417.4
Harding,SD,417.5
Queen Anne's,MD,417.6
Hanover,VA,417.7
Montour,PA,418.3
Kent,MD,418.3
Bonneville,ID,418.3
Harrison,IA,418.5
Gem,ID,418.6
Oglethorpe,GA,418.6
Clinton,NY,418.7
Anne Arundel,MD,418.8
Cowlitz,WA,418.8
Price,WI,418.8
Antrim,MI,418.9
Cayuga,NY,418.9
Douglas,IL,419
Gooding,ID,419.1
Clay,NE,419.1
Fergus,MT,419.1
Richmond,VA,419.1
Northumberland,VA,419.1
Ketchikan Gateway,AK,419.2
Dawson,GA,419.3
Fayette,IA,419.3
Guthrie,IA,419.4
Johnson,IL,419.4
Klamath,OR,419.4
Powder River,MT,419.5
Wasco,OR,419.6
Pocahontas,WV,419.6
Sheboygan,WI,419.6
Guadalupe,TX,419.7
Garden,NE,419.7
Brevard,FL,419.8
Rusk,WI,419.8
Shawano,WI,420.1
Ellis,KS,420.1
Jefferson,KY,420.2
Quay,NM,420.2
Johnson,WY,420.2
Sherman,OR,420.5
Van Wert,OH,420.5
Essex,VA,420.6
Buckingham,VA,420.7
Greene,GA,420.7
Kossuth,IA,420.8
Alger,MI,420.8
Uinta,WY,420.8
Manitowoc,WI,421
Torrance,NM,421
Fayette,IL,421
Adams,IL,421.1
Oneida,WI,421.1
Charles City,VA,421.1
Mathews,VA,421.1
Uvalde,TX,421.2
Kinney,TX,421.3
Walworth,SD,421.3
Natrona,WY,421.3
Shawnee,KS,421.3
Lake,CO,421.4
Bayfield,WI,421.5
Hickman,TN,421.8
Hardin,KY,421.8
Medina,OH,421.9
Nodaway,MO,421.9
York,NE,422.2
Burlington,NJ,422.3
Brown,IL,422.4
Queens,NY,422.7
Androscoggin,ME,422.7
Orange,VT,422.7
Middlesex,VA,422.8
Harris,TX,423
Iredell,NC,423
Williams,ND,423.1
Edwards,KS,423.1
Concho,TX,423.1
McCook,SD,423.1
Scotts Bluff,NE,423.4
Thurston,NE,423.5
Lorain,OH,423.5
Coos,OR,423.5
Chesapeake,VA,423.5
Racine,WI,423.6
Bath,VA,423.6
Barry,MI,423.6
Craven,NC,423.7
Frederick,MD,423.8
Aroostook,ME,424.1
Victoria,TX,424.2
Tuolumne,CA,424.3
Plumas,CA,424.3
Muscatine,IA,424.4
Piute,UT,424.6
Sheridan,KS,424.7
Foster,ND,424.8
Wilkin,MN,424.9
Caribou,ID,425
Gasconade,MO,425.1
Dutchess,NY,425.1
Richardson,NE,425.1
Turner,SD,425.1
Essex,NJ,425.2
Cleveland,OK,425.2
Hancock,IA,425.2
Tipton,IN,425.3
Carroll,IN,425.3
Sheridan,NE,425.4
Bell,TX,425.4
Delta,MI,425.5
Bennett,SD,425.7
Marquette,WI,425.7
Fremont,WY,425.7
Warren,MO,425.9
Pottawattamie,IA,426.3
Riverside,CA,426.3
Clinton,MI,426.4
Amherst,VA,426.5
Muskegon,MI,426.6
Mahaska,IA,426.6
Nez Perce,ID,426.7
Hamilton,KS,426.7
Kent,MI,426.8
Clarke,IA,427
Hancock,OH,427.4
Adams,IN,427.5
Norton,KS,427.6
Garrard,KY,427.6
Deaf Smith,TX,427.7
Irion,TX,427.8
Yakima,WA,427.9
Jerome,ID,428
Broome,NY,428
Emmet,MI,428
Furnas,NE,428
Pittsylvania,VA,428.1
Hardy,WV,428.3
Otero,NM,428.5
Wilson,NC,428.5
Newaygo,MI,428.6
Santa Rosa,FL,428.6
Washington,PA,428.6
Charlevoix,MI,428.8
Cumberland,PA,428.9
Schuyler,NY,429
Pender,NC,429
Iron,UT,429
Carroll,VA,429.2
Box Butte,NE,429.2
Coffey,KS,429.3
Jackson,IL,429.3
Montgomery,NC,429.6
La Paz,AZ,429.7
Cerro Gordo,IA,429.8
Maverick,TX,429.8
Tarrant,TX,429.9
Lebanon,PA,429.9
Jefferson,OR,429.9
Carbon,WY,430.1
Yadkin,NC,430.3
Paulding,GA,430.3
Warren,NJ,430.4
Holt,MO,430.4
Scurry,TX,430.4
Huntingdon,PA,430.5
Divide,ND,430.5
Nelson,ND,430.6
Cheboygan,MI,430.6
Callaway,MO,430.7
Pawnee,KS,430.7
Montgomery,TX,430.7
Rush,KS,430.8
Vanderburgh,IN,430.8
Harris,GA,430.9
Sacramento,CA,430.9
Gates,NC,431
Graham,NC,431.1
Red Willow,NE,431.2
Ralls,MO,431.2
Fillmore,NE,431.6
Eaton,MI,431.6
Mahnomen,MN,431.8
Avery,NC,431.8
Nassau,FL,431.8
Marshall,IA,431.8
Aiken,SC,431.8
Glynn,GA,431.9
Ford,KS,432.1
Pike,IL,432.1
Tioga,NY,432.1
Kennebec,ME,432.3
Adair,IA,432.3
Nueces,TX,432.3
Nelson,KY,432.6
Culberson,TX,432.7
Douglas,SD,432.8
Sierra,CA,433
Jefferson,NE,433.1
Calvert,MD,433.3
Erie,OH,433.3
Fairfield,OH,433.4
Barrow,GA,433.4
Grant,NE,433.5
Midland,TX,433.5
Grays Harbor,WA,433.5
Menard,TX,433.7
Sanborn,SD,433.9
Cameron,PA,434
Calaveras,CA,434
Sitka,AK,434.1
Suffolk,NY,434.2
Mackinac,MI,434.2
Lycoming,PA,434.2
Coke,TX,434.3
York,SC,434.4
Defiance,OH,434.4
Osceola,FL,434.4
Jones,GA,434.4
Decatur,KS,434.4
Paulding,OH,434.5
Nassau,NY,434.6
Ohio,IN,434.6
Charlottesville,VA,434.7
Wahkiakum,WA,434.7
Marquette,MI,434.8
Canyon,ID,434.9
Hendry,FL,435
Kiowa,KS,435
Oswego,NY,435
Parker,TX,435
St. Louis,MO,435.1
Lafourche,LA,435.2
Butler,OH,435.2
Will,IL,435.2
Botetourt,VA,435.2
Kosciusko,IN,435.3
Curry,OR,435.5
Harrison,IN,435.6
Luce,MI,435.7
Whitley,IN,435.9
West Feliciana,LA,436.3
Sawyer,WI,436.3
Iron,WI,436.5
Socorro,NM,436.5
Coos,NH,436.6
Walsh,ND,436.6
Chase,KS,436.7
Potter,PA,436.7
Hood,TX,436.8
Piscataquis,ME,436.8
Linn,OR,436.9
Orange,NY,437
Allegany,NY,437.1
Stark,OH,437.1
Ringgold,IA,437.1
Effingham,IL,437.1
Logan,IL,437.2
Big Horn,WY,437.2
Nelson,VA,437.3
Marshall,IN,437.3
Allen,IN,437.4
Crockett,TX,437.4
Union,IL,437.6
Henry,KY,437.6
Morrill,NE,437.6
Surry,NC,437.7
Sedgwick,KS,437.7
Trego,KS,437.7
Jackson,IN,437.7
Anderson,SC,437.9
Bailey,TX,438.1
Sumner,KS,438.1
Ulster,NY,438.1
Wayne,OH,438.2
Adams,NE,438.2
Keokuk,IA,438.2
Polk,FL,438.2
Goliad,TX,438.2
Hocking,OH,438.4
Ashland,WI,438.5
Perry,IL,438.7
Jefferson,KS,438.7
DeKalb,IN,438.8
Catawba,NC,438.9
Gonzales,TX,438.9
Edgefield,SC,439
Presque Isle,MI,439
Clay,FL,439.2
Whitfield,GA,439.2
Campbell,KY,439.4
Shelby,KY,439.4
Weber,UT,439.4
Vilas,WI,439.4
Clermont,OH,439.5
Walton,FL,439.6
Baker,FL,439.7
Sheridan,WY,439.7
Kent,TX,439.7
Monona,IA,439.8
Harlan,NE,439.8
Lafayette,FL,440
Storey,NV,440.1
Noble,IN,440.2
Morris,KS,440.3
Dickinson,KS,440.3
Waller,TX,440.3
Susquehanna,PA,440.9
Charles Mix,SD,440.9
Prince George's,MD,440.9
Boyle,KY,441
Lumpkin,GA,441
Barton,KS,441.1
Greenwood,SC,441.1
Wilson,TX,441.2
Cass,IN,441.2
Oconee,SC,441.4
Newport News,VA,441.6
LaSalle,LA,441.6
Delaware,PA,441.6
Elk,PA,441.6
Madera,CA,441.8
Rooks,KS,441.9
Buena Vista,VA,442
Dinwiddie,VA,442
Lee,NC,442.1
Williams,OH,442.2
Greene,NY,442.3
Jersey,IL,442.3
Galveston,TX,442.3
Franklin,NC,442.4
Henderson,IL,442.5
Baltimore,MD,442.6
Sumner,TN,442.7
Bastrop,TX,442.9
Posey,IN,442.9
Rice,KS,442.9
Franklin,ME,443
Chouteau,MT,443
Butler,KS,443.1
Greenwood,KS,443.1
Lavaca,TX,443.1
Wells,IN,443.2
De Witt,IL,443.2
Mitchell,NC,443.2
Sussex,DE,443.3
Westmoreland,PA,443.4
Steuben,IN,443.5
Washington,VA,443.6
Pamlico,NC,443.7
Wright,IA,443.9
Benewah,ID,444
Bradford,PA,444.1
Bexar,TX,444.1
Wilson,TN,444.1
Knox,TN,444.1
Washington,OH,444.2
Gentry,MO,444.5
Jefferson,LA,444.6
Lander,NV,444.8
Clinton,PA,444.9
Clearwater,MN,444.9
Charles,MD,445.1
Cook,IL,445.1
Indiana,PA,445.1
Sangamon,IL,445.2
Franklin,IN,445.2
Daviess,KY,445.2
Kenton,KY,445.2
Cole,MO,445.2
Hockley,TX,445.3
Menominee,WI,445.3
Kent,DE,445.5
Mason,IL,445.7
Payette,ID,445.9
Washington,KY,445.9
Schoharie,NY,445.9
Jackson,KS,446
Spencer,KY,446.1
Pitt,NC,446.1
Union,OH,446.2
Deer Lodge,MT,446.2
Mariposa,CA,446.2
Osage,MO,446.4
Butte,CA,446.5
Chowan,NC,446.6
Currituck,NC,446.8
Hoke,NC,446.8
Saginaw,MI,446.8
Woodford,KY,446.9
Jefferson,IA,446.9
Pierce,ND,447.1
Whiteside,IL,447.2
Pratt,KS,447.3
Fannin,GA,447.4
Dearborn,IN,447.6
Tioga,PA,447.7
Box Elder,UT,448
Dorchester,SC,448.1
Emmons,ND,448.1
Sullivan,NY,448.2
Otsego,NY,448.2
Calhoun,IA,448.2
Fremont,ID,448.3
Mason,MI,448.3
Jefferson,WV,448.3
Graham,KS,448.5
Menominee,MI,448.6
Butler,PA,448.6
Erie,PA,448.7
Andrew,MO,448.7
Floyd,IA,448.7
Oconto,WI,448.8
Somervell,TX,448.8
Lewis,WA,448.9
Runnels,TX,449
Winnebago,IL,449
Otsego,MI,449
Onslow,NC,449
Loup,NE,449.1
Kings,NY,449.2
Inyo,CA,449.2
Gloucester,NJ,449.5
Franklin,KY,449.6
Jefferson,IL,449.7
Madison,KY,449.8
Phillips,KS,450.4
Franklin,NE,450.4
Lipscomb,TX,450.6
Nuckolls,NE,450.7
Republic,KS,450.8
Macon,IL,450.9
Calhoun,SC,450.9
Leon,TX,451
Saline,AR,451
Mercer,KY,451.1
Lake,OH,451.1
Oakland,MI,451.2
Columbia,NY,451.3
Banks,GA,451.3
Chippewa,MI,451.4
Tehama,CA,451.5
Delaware,NY,451.6
Armstrong,PA,451.7
Union,IN,451.7
Dallas,TX,451.7
Austin,TX,451.8
McKenzie,ND,451.8
Crawford,MI,452
Juneau,WI,452.1
Richland,SC,452.2
Licking,OH,452.3
Jewell,KS,452.3
Henry,GA,452.4
Camden,NJ,452.6
Glasscock,TX,452.6
Upton,TX,452.6
Christian,IL,452.7
Rankin,MS,452.8
DeKalb,MO,452.9
Elkhart,IN,452.9
Abbeville,SC,453
Forest,WI,453
Glenn,CA,453.1
Marion,KY,453.2
Ingham,MI,453.2
Greenbrier,WV,453.2
Parmer,TX,453.2
Franklin,NY,453.3
Malheur,OR,453.3
Carroll,MD,453.4
Sanders,MT,453.5
McLennan,TX,453.5
Livingston,MI,453.6
Clarion,PA,453.6
Huron,OH,453.7
Monroe,GA,453.7
Webster,NE,453.9
Perry,PA,454
Todd,SD,454
Putnam,WV,454
Campbell,VA,454
Allegheny,PA,454.2
Valley,MT,454.2
Schenectady,NY,454.3
Schley,GA,454.4
Des Moines,IA,454.5
Miner,SD,454.6
Brazoria,TX,454.7
Castro,TX,454.8
Dubois,IN,454.8
McDowell,NC,454.8
Thayer,NE,454.8
St. Charles,LA,454.9
Wharton,TX,455.2
Jackson,IA,455.3
Pocahontas,IA,455.3
Howard,IA,455.4
Madison,OH,455.4
Harper,KS,455.5
Coweta,GA,455.5
Holt,NE,455.7
Missaukee,MI,455.9
Morton,KS,456
Greene,IA,456.1
Washington,ID,456.1
Henry,IL,456.1
Clarke,GA,456.2
Tazewell,IL,456.3
Sequatchie,TN,456.3
King William,VA,456.3
Stone,AR,456.8
Shelby,IN,456.9
Sevier,UT,457
Calumet,WI,457.1
Worcester,MD,457.1
Warren,KY,457.2
Caroline,VA,457.3
Venango,PA,457.3
Sweetwater,WY,457.5
Summit,OH,457.5
Northampton,NC,457.5
Siskiyou,CA,457.7
Kanawha,WV,457.8
Kershaw,SC,457.9
Zavala,TX,457.9
Baldwin,AL,457.9
Kingman,KS,457.9
Shelby,IL,457.9
Merced,CA,458.1
Gadsden,FL,458.1
Blair,PA,458.1
Wadena,MN,458.1
Jefferson,PA,458.1
Clearfield,PA,458.2
Fulton,OH,458.3
Meade,KY,458.3
Peoria,IL,458.4
Bureau,IL,458.4
San Joaquin,CA,458.5
Swain,NC,458.5
Erie,NY,458.6
Roosevelt,NM,458.6
Trinity,CA,458.6
Mercer,IL,458.9
Marshall,IL,459
Pecos,TX,459
Adams,WI,459
Butler,IA,459.1
Lewis,NY,459.1
Davidson,NC,459.2
Dickinson,MI,459.2
Greene,MO,459.2
St. Joseph,IN,459.2
Lincoln,NC,459.4
Lancaster,SC,459.5
Johnson,IN,459.6
Carroll,IL,459.7
Berks,PA,459.7
Logan,OK,459.8
Tippecanoe,IN,459.9
Refugio,TX,459.9
Vance,NC,460
Rush,IN,460.1
Monongalia,WV,460.2
Rutherford,TN,460.3
Haywood,NC,460.3
Jackson,MO,460.3
Cass,MI,460.4
Sutter,CA,460.4
Cumberland,TN,460.4
Alleghany,VA,460.4
Grayson,TX,460.4
Keweenaw,MI,460.5
Plaquemines,LA,460.6
Lee,TX,460.6
Tripp,SD,460.6
Oktibbeha,MS,460.9
Franklin,OH,460.9
Stark,IL,460.9
Miami,KS,460.9
Worth,MO,461.1
Volusia,FL,461.2
Lexington,VA,461.2
DeWitt,TX,461.3
Del Norte,CA,461.3
Anderson,KY,461.3
Hancock,KY,461.3
Clay,IL,461.6
Calhoun,TX,461.7
Grundy,IL,461.8
Medina,TX,461.9
Jackson,TX,462
Monroe,MI,462
Hamilton,OH,462.2
Mercer,PA,462.3
Mellette,SD,462.3
Briscoe,TX,462.4
Gibson,IN,462.4
Henderson,KY,462.5
Emporia,VA,462.5
Milwaukee,WI,462.6
Waynesboro,VA,462.7
Dickens,TX,462.8
Pope,IL,462.9
Ottawa,KS,463
Scotland,MO,463.1
Laurens,SC,463.3
Fresno,CA,463.4
Lassen,CA,463.7
Knox,IL,463.8
Sandusky,OH,463.8
Bannock,ID,463.9
Wayne,WV,463.9
Schuyler,MO,464
Wyoming,NY,464.1
Rensselaer,NY,464.2
Pershing,NV,464.2
Wabash,IN,464.3
Marion,IN,464.5
Chatham,GA,464.5
Lee,AL,464.7
St. Clair,IL,464.7
Tyler,WV,464.8
Lincoln,WV,465.2
St. Lawrence,NY,465.2
Beaver,PA,465.2
Cochran,TX,465.3
Grant,WV,465.4
Gogebic,MI,465.4
White,IN,465.5
Cloud,KS,465.5
Perry,IN,465.6
Camden,MO,465.6
Gilmer,WV,465.6
Anderson,TN,465.6
Kane,UT,465.7
Duval,FL,466
Dauphin,PA,466.1
Calhoun,WV,466.1
Fayette,TX,466.2
Sullivan,PA,466.2
Madison,IN,466.3
Brown,KS,466.3
Franklin,KS,466.5
Trigg,KY,466.5
Clinton,IL,466.5
Ellsworth,KS,466.6
Surry,VA,466.6
Humboldt,IA,466.7
Stokes,NC,466.7
Logan,KY,466.8
Lee,IL,466.9
Suffolk,VA,467
Hill,TX,467.2
Decatur,IA,467.2
Henry,OH,467.4
Ashland,OH,467.5
Carroll,OH,467.6
Burke,NC,467.6
Adair,MO,467.7
Calhoun,MI,467.7
Waushara,WI,467.7
Canadian,OK,467.9
Hamilton,IL,467.9
LaGrange,IN,468
Baxter,AR,468
Cambria,PA,468.1
Herkimer,NY,468.3
Newton,GA,468.3
Matagorda,TX,468.4
Gilmer,GA,468.5
Jefferson,NY,468.6
Berkeley,WV,468.8
Niobrara,WY,469
Oldham,TX,469
Steuben,NY,469
Hertford,NC,469
Athens,OH,469.1
Cabell,WV,469.1
Clay,WV,469.2
Fulton,IL,469.2
Doniphan,KS,469.2
Milam,TX,469.3
Caddo,LA,469.4
Hickory,MO,469.6
Escambia,FL,470.1
Morgan,IN,470.2
Dawson,TX,470.2
Atchison,KS,470.4
Douglas,GA,470.5
Maury,TN,470.5
Horry,SC,470.7
Bay,FL,470.7
Washington,IL,470.7
Kenosha,WI,470.8
Henry,VA,470.8
Hutchinson,SD,470.9
Marion,IA,470.9
Curry,NM,470.9
Lafayette,LA,471
Clinton,MO,471.1
Ocean,NJ,471.1
De Baca,NM,471.2
Jones,NC,471.2
Greene,IL,471.2
San Patricio,TX,471.2
Braxton,WV,471.3
Rock Island,IL,471.3
Huntington,IN,471.5
Hill,MT,471.6
Decatur,IN,471.8
Carbon,PA,471.9
Moultrie,IL,472.1
Davison,SD,472.1
Somerset,ME,472.2
Hyde,NC,472.3
Taylor,IA,472.3
Franklin,MO,472.4
Randolph,IL,472.5
Schuyler,IL,472.5
Waupaca,WI,472.5
Washington,TN,472.7
Modoc,CA,472.7
Oceana,MI,472.7
Beaufort,NC,472.7
Warren,PA,472.8
Madison,NC,472.9
Perquimans,NC,472.9
Wexford,MI,472.9
Lincoln,MT,472.9
Scott,IL,473.1
Larue,KY,473.3
Levy,FL,473.3
Bryan,GA,473.3
Page,VA,473.3
Aransas,TX,473.7
Garza,TX,473.7
Lake,IN,473.8
Bartholomew,IN,474
Thomas,GA,474
Marshall,WV,474
Carson,TX,474.1
Forest,PA,474.1
Gulf,FL,474.2
Ford,IL,474.3
Buchanan,MO,474.3
Ellis,TX,474.3
Gaston,NC,474.8
Hemphill,TX,475.1
Jasper,IL,475.2
Cumberland,IL,475.2
Worth,GA,475.2
Montgomery,OH,475.3
Champaign,OH,475.4
Lincoln,MO,475.6
Karnes,TX,475.7
Catoosa,GA,475.8
Osborne,KS,475.8
Nash,NC,475.9
Randall,TX,476
Christian,MO,476.1
Ouachita,LA,476.1
Montgomery,IL,476.1
Caroline,MD,476.2
Jackson,MI,476.3
Ray,MO,476.3
Effingham,GA,476.3
Falls,TX,476.4
Georgetown,SC,476.5
Archer,TX,476.5
Webster,IA,476.5
Humboldt,NV,476.5
Randolph,NC,476.6
Oneida,NY,476.6
Putnam,FL,476.9
Jefferson,FL,477
Clark,KS,477
Saline,MO,477
Dallas,MO,477
Chemung,NY,477.1
Lynn,TX,477.1
Marinette,WI,477.2
Orleans,LA,477.3
Payne,OK,477.4
Camden,GA,477.4
Johnston,NC,477.5
Swisher,TX,477.9
Kusilvak,AK,478
Jay,IN,478.2
Luzerne,PA,478.3
Cowley,KS,478.4
Newton,IN,478.6
Rowan,NC,478.6
Cherokee,NC,478.6
Wayne,UT,478.8
Fountain,IN,478.9
Allen,OH,479.3
Lubbock,TX,479.3
Roane,WV,479.3
Bee,TX,479.4
Marion,FL,479.4
San Bernardino,CA,479.5
Delaware,IN,479.5
Washoe,NV,479.7
Coshocton,OH,479.8
Edmonson,KY,479.8
Smith,KS,480
Greene,IN,480.1
Henry,IN,480.1
Grady,GA,480.3
Yoakum,TX,480.3
Madison,ID,480.4
Bosque,TX,480.5
McCulloch,TX,480.6
Bethel,AK,480.6
Knox,OH,480.7
Mountrail,ND,480.7
Florence,WI,480.7
Atascosa,TX,480.8
Holmes,OH,480.8
Rockingham,NC,480.9
Calhoun,FL,481
Elk,KS,481
Edwards,IL,481.1
Houston,GA,481.1
Geary,KS,481.2
Motley,TX,481.2
Bingham,ID,481.3
Howard,MO,481.4
Woodson,KS,481.5
Coryell,TX,481.7
Union,TN,481.7
Somerset,PA,482
Randolph,IN,482.1
Putnam,IN,482.2
Mills,TX,482.2
Iron,MI,482.3
St. Bernard,LA,482.4
Lynchburg,VA,482.4
Macoupin,IL,482.6
Bourbon,KY,482.6
Floyd,TX,482.7
Wheeler,GA,482.9
Allen,KS,483.1
Richland,IL,483.2
Montgomery,IN,483.2
Bond,IL,483.3
Monroe,OH,483.4
Bronx,NY,483.5
Cleburne,AR,483.5
Cumberland,NC,483.6
Ottawa,OH,483.7
Crawford,IN,483.7
Tuscarawas,OH,484.2
Panola,TX,484.2
Crawford,PA,484.3
White,IL,484.3
Warren,IL,484.3
Lake,CA,484.3
Blackford,IN,484.4
Caldwell,MO,484.4
Roane,TN,484.4
Duplin,NC,484.5
Gladwin,MI,484.7
Hamilton,TN,484.7
Love,OK,484.8
Davis,IA,484.8
Power,ID,485.1
Clinton,IA,485.2
West Baton Rouge,LA,485.3
Pickens,SC,485.3
Randolph,WV,485.4
Anderson,KS,485.5
Cuyahoga,OH,485.6
White Pine,NV,485.8
Madison,AL,485.8
Richmond City,VA,485.8
Johnson,TX,485.9
Boone,IN,486
Saline,IL,486.1
Putnam,IL,486.2
Columbia,FL,486.2
Christian,KY,486.5
Clark,NV,486.5
Halifax,NC,486.8
Breckinridge,KY,486.8
Lamb,TX,486.9
Nome,AK,487
Muskingum,OH,487
Mecosta,MI,487.2
Woodward,OK,487.5
Bertie,NC,487.7
Ionia,MI,487.8
Shasta,CA,487.9
McDonough,IL,487.9
Pettis,MO,488
Blaine,MT,488.1
Daviess,MO,488.3
Columbia,PA,488.6
Union,KY,488.6
Dallam,TX,488.7
Eddy,NM,488.8
Humboldt,CA,489.1
Wyoming,PA,489.1
Davidson,TN,489.1
Crosby,TX,489.3
Madison,MS,489.3
Polk,MO,489.4
Chambers,TX,489.7
Van Buren,MI,489.8
Pickaway,OH,489.9
Liberty,GA,489.9
Monroe,TN,489.9
Bedford,PA,490
Woods,OK,490
Hancock,MS,490.1
Taylor,FL,490.1
Douglas,MO,490.2
Lincoln,NV,490.2
Brown,OH,490.3
Preston,WV,490.3
Halifax,VA,490.5
Freestone,TX,490.5
Miami,OH,490.5
Stanislaus,CA,490.9
Houston,TX,490.9
Pickens,GA,491
Lawrence,PA,491.1
Montcalm,MI,491.2
Izard,AR,491.5
Linn,KS,491.5
Webster,WV,491.6
Tucker,WV,491.7
Northumberland,PA,491.8
Mineral,WV,491.9
Orangeburg,SC,492
Sevier,TN,492
Wabash,IL,492
Fulton,NY,492
Atlantic,NJ,492.2
Beaver,OK,492.2
Morgan,IL,492.2
Richland,OH,492.3
Tyrrell,NC,492.3
Lee,GA,492.4
Colonial Heights,VA,492.6
Smyth,VA,492.8
Washington,NC,492.8
Washington,MD,492.9
DeSoto,MS,493.3
Van Buren,IA,493.3
Ohio,WV,493.8
Shelby,OH,494.1
Darke,OH,494.1
Daviess,IN,494.5
Faulkner,AR,494.7
Macomb,MI,494.8
Hanson,SD,494.9
Wayne,NC,495
Caldwell,NC,495.3
Carter,TN,495.3
Charlotte,VA,495.3
Butler,KY,495.4
Kankakee,IL,495.5
Hamilton,TX,495.6
Carson City,NV,495.9
Wapello,IA,496
North Slope,AK,496
Dewey,SD,496.1
Van Buren,AR,496.3
Livingston,IL,496.3
Wayne,IA,496.5
Marion,AR,496.7
Lincoln,KY,496.8
Reeves,TX,496.8
Emery,UT,496.9
Webster,MO,496.9
Wagoner,OK,497.2
Cape Girardeau,MO,497.3
Grainger,TN,497.5
Northwest Arctic,AK,497.6
Bartow,GA,497.7
Jefferson,TN,497.9
Nicholas,WV,497.9
Walton,GA,498
Otero,CO,498.1
Hampton,VA,498.2
Portage,OH,498.4
Rockcastle,KY,498.5
Fayette,IN,498.5
Prince Edward,VA,498.5
Newberry,SC,498.5
Kern,CA,498.6
Clinton,IN,498.8
Warren,IN,498.9
Franklin,FL,498.9
Martin,IN,499.2
Dixie,FL,499.3
Elliott,KY,499.4
Bourbon,KS,499.4
Ripley,IN,499.6
Brantley,GA,499.6
Sampson,NC,499.6
Morrow,OH,499.8
District of Columbia,DC,499.8
Terry,TX,499.9
Monroe,IA,500
Grant,AR,500.1
Bleckley,GA,500.2
Auglaize,OH,500.2
Pleasants,WV,500.2
Hamblen,TN,500.5
Harper,OK,500.6
Benton,IN,500.6
Bledsoe,TN,500.9
Montgomery,TN,500.9
Seneca,OH,501.1
St. James,LA,501.1
Red River,LA,501.4
Gallatin,IL,501.7
Wyandotte,KS,501.8
Eddy,ND,501.8
Silver Bow,MT,502
Terrell,GA,502
Long,GA,502.2
Montgomery,IA,502.3
Crawford,KS,502.4
Liberty,FL,502.4
Wood,OH,502.4
Ste. Genevieve,MO,502.5
Fulton,AR,502.5
Union,IA,502.5
Iroquois,IL,502.5
Guernsey,OH,502.7
Wichita,TX,502.7
Neosho,KS,502.9
Pope,AR,502.9
Lucas,IA,503
Fulton,PA,503
Colorado,TX,503
Erath,TX,503.1
Chickasaw,IA,503.2
Wakulla,FL,503.4
Warren,NC,503.4
Putnam,MO,503.5
Wayne,PA,503.6
Osage,OK,503.7
Pulaski,AR,503.7
Floyd,IN,503.7
Madison,IL,504
Wyandot,OH,504
Sullivan,TN,504.1
Lenawee,MI,504.2
Switzerland,IN,504.2
Wayne,IL,504.3
Wise,TX,504.3
Lincoln,GA,504.5
Pike,OH,504.6
Garrett,MD,504.8
Chautauqua,NY,504.9
Jasper,GA,504.9
Throckmorton,TX,504.9
Gaines,TX,505
Carroll,KY,505
Cecil,MD,505
Pulaski,GA,505.2
Clayton,GA,505.2
La Salle,IL,505.3
King,TX,505.3
Cape May,NJ,505.4
Hart,GA,505.6
Norfolk,VA,505.6
Stonewall,TX,506.2
Clay,TX,506.5
Brooks,TX,506.5
Decatur,GA,506.6
Spartanburg,SC,506.8
Lackawanna,PA,506.9
Madison,TX,506.9
Live Oak,TX,507
Tulare,CA,507.1
Osceola,MI,507.2
Livingston,MO,507.2
Kingfisher,OK,507.3
Jefferson,MO,507.4
Camden,NC,507.5
Greene,NC,507.6
Shoshone,ID,507.6
Grimes,TX,507.8
Hartley,TX,507.9
Casey,KY,508.1
Clarendon,SC,508.4
Scott,TN,508.6
Sheridan,MT,508.6
Lowndes,MS,508.8
Carroll,AR,508.8
Dougherty,GA,509
Todd,KY,509.2
Baylor,TX,509.2
Harrison,TX,509.4
Ontonagon,MI,509.4
Donley,TX,509.6
Barbour,WV,509.6
Putnam,GA,509.7
Salem,NJ,509.9
Grant,IN,510
Isabella,MI,510.2
Audrain,MO,510.6
Major,OK,510.6
De Soto,LA,511
Knox,TX,511
Pike,IN,511.2
Crisp,GA,511.4
Baraga,MI,511.4
Cooke,TX,511.4
San Jacinto,TX,511.4
Lawrence,MO,511.5
Fall River,SD,511.7
Franklin,TN,511.8
Clark,KY,511.8
Knox,IN,511.9
Ellis,OK,512.4
Ross,OH,512.4
Ritchie,WV,512.5
Appanoose,IA,512.9
Martin,NC,513.1
Salem,VA,513.2
McCone,MT,513.3
Orange,IN,513.3
Shackelford,TX,513.4
Owen,IN,513.5
Benton,MO,513.6
Mitchell,GA,514
Jefferson,AL,514
Giles,VA,514
Esmeralda,NV,514.1
Haskell,TX,514.2
Sumter,SC,514.4
Echols,GA,514.4
Chariton,MO,514.5
Pearl River,MS,514.6
Perry,MO,514.6
Patrick,VA,514.6
McKean,PA,514.7
Alpena,MI,514.8
Ascension,LA,514.8
Taliaferro,GA,514.9
Crane,TX,514.9
Wilbarger,TX,514.9
Dade,MO,515.1
Bossier,LA,515.2
Shiawassee,MI,515.2
Hamilton,FL,515.3
Jackson,FL,515.6
Taylor,KY,515.7
Lee,IA,515.8
Branch,MI,516.2
Reagan,TX,516.2
Taylor,GA,516.3
Assumption,LA,516.4
Randolph,GA,516.6
Dimmit,TX,516.7
Mercer,WV,517
Alfalfa,OK,517.1
Eureka,NV,517.2
Laurel,KY,517.2
Montgomery,AL,517.4
Nacogdoches,TX,517.4
Lunenburg,VA,517.5
Sierra,NM,517.5
Scotland,NC,517.5
Monroe,MO,517.6
Ozark,MO,517.7
Montgomery,NY,517.7
St. Helena,LA,518.2
Harnett,NC,518.4
Hale,TX,518.4
Unicoi,TN,518.5
Northampton,VA,518.5
Grant,OK,518.7
Knox,MO,518.7
Pickett,TN,518.8
Limestone,TX,519.1
Morgan,TN,519.2
Wetzel,WV,519.2
Tuscola,MI,519.2
Loving,TX,519.4
Pulaski,VA,519.5
Houghton,MI,519.5
Searcy,AR,519.5
Chambers,AL,520.2
Ohio,KY,520.2
Greene,PA,520.4
Wayne,MO,520.7
Pontotoc,MS,520.9
Livingston,LA,520.9
Raleigh,WV,520.9
Upshur,WV,521.1
Simpson,MS,521.2
Labette,KS,521.2
Morgan,GA,521.3
McDuffie,GA,521.4
Mercer,MO,521.4
Lawrence,IL,521.7
Henry,IA,521.9
Perry,OH,521.9
Clinton,OH,521.9
Montmorency,MI,522
Coles,IL,522.2
Saluda,SC,522.2
Marshall,OK,522.3
Scott,KY,522.4
Lonoke,AR,522.4
Blaine,OK,522.5
Lea,NM,522.5
Adams,IA,522.7
Brooke,WV,522.9
Chaves,NM,523.2
Harrison,MO,523.3
Dorchester,MD,523.6
Butts,GA,523.7
Treutlen,GA,523.9
Doddridge,WV,524.1
Colquitt,GA,524.3
Suwannee,FL,524.3
Accomack,VA,524.4
Adams,MS,524.6
Jackson,WV,524.7
Meigs,OH,524.8
Clark,IN,524.9
East Baton Rouge,LA,524.9
Wheeler,TX,525
Taylor,WV,525.2
Scott,VA,525.2
Bulloch,GA,525.3
Lanier,GA,525.4
Trumbull,OH,525.5
Pacific,WA,525.5
Hampton,SC,525.7
Comanche,TX,525.8
Stanly,NC,525.9
Lyon,NV,526
Fulton,IN,526.5
Greenup,KY,526.6
Carbon,UT,526.6
Webster,GA,526.7
Newton,MO,526.9
Roanoke City,VA,526.9
Pulaski,MO,527.1
Perry,AR,527.2
Bland,VA,527.2
Pendleton,KY,527.4
Sabine,LA,527.4
Richmond,NY,527.7
Macon,MO,527.8
Grundy,MO,527.8
Telfair,GA,528
Okeechobee,FL,528.3
Mason,WV,528.3
Shelby,TN,528.4
Lawrence,OH,528.4
Tangipahoa,LA,528.9
Pike,AL,528.9
Appomattox,VA,528.9
Noble,OK,529
Orleans,NY,529.3
Crawford,IL,529.3
Oklahoma,OK,529.4
Kay,OK,529.4
Ashtabula,OH,529.6
Fisher,TX,529.8
Brown,TX,529.8
Fayette,TN,530.1
Philadelphia,PA,530.1
Crawford,GA,530.1
Iberville,LA,530.2
Tazewell,VA,530.2
Moore,TX,530.3
Randolph,MO,530.4
Maries,MO,530.5
Marion,GA,530.5
Wayne,IN,530.5
Ballard,KY,530.5
Wirt,WV,530.5
Cass,IA,530.9
Lawrence,IN,531.1
San Augustine,TX,531.2
Giles,TN,531.3
Baker,GA,531.5
Laclede,MO,532.1
Calhoun,GA,532.2
Wilson,KS,532.4
Lamar,MS,532.6
Niagara,NY,532.7
Summers,WV,532.7
Hansford,TX,532.8
Mahoning,OH,532.8
Tillman,OK,532.8
Barren,KY,532.8
Scott,IN,533.1
Cheatham,TN,533.1
Putnam,TN,533.4
Belmont,OH,533.4
Washington,IN,533.5
Bamberg,SC,533.5
Portsmouth,VA,533.7
Clay,IN,533.7
Howard,IN,533.8
Spalding,GA,533.8
Barnwell,SC,533.8
Fayette,WV,534
Adams,OH,534.2
Marshall,MS,534.2
Stone,MO,534.2
Prentiss,MS,534.3
Lucas,OH,534.3
Robertson,TX,534.3
Martin,KY,534.4
Howell,MO,534.7
Cumberland,NJ,535
Luna,NM,535
Grady,OK,535.3
Scott,MO,535.5
St. Mary,LA,535.6
Heard,GA,535.7
Armstrong,TX,535.7
Andrews,TX,535.9
Lewis,WV,536.2
Wood,WV,536.2
McLean,KY,536.2
Grant,LA,536.3
Crawford,OH,536.6
Hillsdale,MI,536.8
Autauga,AL,536.9
Bullock,AL,537.1
Madison,TN,537.1
Duval,TX,537.1
Coleman,TX,537.2
Ramsey,ND,537.3
McCracken,KY,537.6
Greene,AR,537.7
Staunton,VA,537.7
Fayette,PA,537.8
Sebastian,AR,537.9
Gordon,GA,537.9
Clark,IL,538
Garfield,OK,538
Gregg,TX,538
Marion,WV,538.1
Sullivan,IN,538.5
Clay,SD,538.7
Pulaski,IN,538.9
La Salle,TX,539
Grayson,KY,539.2
Kalkaska,MI,539.2
Terrebonne,LA,539.2
Barber,KS,539.4
Limestone,AL,539.5
Yuba,CA,539.7
Graves,KY,539.8
Eastland,TX,539.8
Jones,TX,539.9
Smith,TX,539.9
Harrison,WV,540
Jackson,GA,540.1
Roger Mills,OK,540.2
Radford,VA,540.3
Murray,GA,540.5
Screven,GA,540.5
Jasper,IN,541
Chautauqua,KS,541.2
Newton,AR,541.2
Gratiot,MI,541.2
Lauderdale,AL,541.3
LaPorte,IN,541.3
Fentress,TN,541.6
Morgan,KY,541.9
Blount,AL,542.1
Parke,IN,542.3
Callahan,TX,542.4
Upshur,TX,542.4
Montgomery,MO,542.6
Mohave,AZ,542.7
Boone,WV,542.8
Stephens,GA,542.9
Comanche,KS,543
Carroll,MO,543
Rolette,ND,543.1
Huron,MI,543.5
Hawkins,TN,543.6
Lafayette,MO,543.7
Dodge,GA,543.8
Clay,GA,544.1
Lenoir,NC,544.1
Miller,GA,544.2
Overton,TN,544.2
Houston,TN,544.4
Lee,VA,544.4
Taylor,TX,544.5
Harmon,OK,544.6
Van Zandt,TX,544.8
Wood,TX,544.9
Dooly,GA,545
Johnson,AR,545.1
Rusk,TX,545.3
Boyd,NE,545.6
Robeson,NC,545.7
Wayne,KY,545.8
Carlisle,KY,545.8
Chester,SC,546.1
Barton,MO,546.3
Marion,MS,546.4
Quitman,GA,546.5
Texas,MO,546.7
Benson,ND,546.8
Mecklenburg,VA,546.8
Navarro,TX,547.2
Monroe,AL,547.2
Richmond,GA,547.3
Stephens,TX,547.5
Cass,IL,547.8
Clark,MO,547.8
Rowan,KY,547.9
Cleveland,NC,548
Lowndes,GA,548.1
Scott,AR,548.2
Crawford,AR,548.3
Rutherford,NC,548.3
Bryan,OK,548.3
Lafayette,MS,548.7
Carter,KY,548.7
Fairfield,SC,548.9
Comanche,OK,549.3
Magoffin,KY,549.4
Miller,MO,549.6
Hart,KY,550
Tulsa,OK,550.1
Cimarron,OK,550.6
Arthur,NE,550.8
Rogers,OK,551.3
Tallapoosa,AL,551.3
Jenkins,GA,551.4
Smith,TN,551.4
Columbiana,OH,551.5
Pike,MO,551.5
St. Clair,MI,551.6
Washington,OK,551.6
Brooks,GA,551.7
Boyd,KY,551.8
Dickson,TN,551.8
Bates,MO,552
Barbour,AL,552.1
Vigo,IN,552.6
Sullivan,MO,552.6
Phelps,MO,552.9
Kiowa,OK,553
Allen,LA,553.1
Seminole,GA,553.1
Prairie,AR,553.2
Kaufman,TX,553.5
Beckham,OK,553.6
Madison,GA,553.9
Greer,OK,554
Preble,OH,554.2
Hickman,KY,554.2
Clark,OH,554.3
Logan,OH,554.5
Evans,GA,554.8
Berrien,GA,554.8
Citrus,FL,554.8
Tyler,TX,554.9
Titus,TX,555
Craighead,AR,555.4
Berrien,MI,555.4
Oscoda,MI,555.5
Laurens,GA,555.5
Lewis,KY,555.6
Hancock,GA,555.9
Jackson,TN,555.9
Moore,TN,556
Cook,GA,556
Sanilac,MI,556.1
Franklin,AR,556.2
Dewey,OK,556.3
Caddo,OK,556.3
Hancock,WV,556.4
Logan,AR,556.5
Tuscaloosa,AL,556.6
Pike,GA,556.6
Churchill,NV,556.7
Rains,TX,556.8
Brown,NE,557
Humphreys,TN,557.2
Muhlenberg,KY,557.5
Shannon,MO,557.7
Roberts,TX,557.7
Stewart,GA,558.2
Elmore,AL,558.3
Lincoln,OK,558.4
Crittenden,AR,558.5
Russell,AL,558.7
Shelby,MO,558.7
St. Martin,LA,558.9
Johnson,GA,559.5
Lapeer,MI,559.6
Johnson,MO,559.6
Arenac,MI,560.1
Gallia,OH,560.1
Nolan,TX,560.2
Lamar,TX,560.2
Harrison,OH,560.3
Jefferson,GA,560.4
Russell,VA,560.4
Kemper,MS,560.6
Knox,KY,560.8
Franklin,TX,560.9
Jackson,OK,561.3
Clarke,AL,561.6
Garland,AR,561.8
Custer,OK,561.9
St. Joseph,MI,562
Coffee,AL,562.1
Stone,MS,562.2
Marion,MO,562.2
Collingsworth,TX,562.3
Marion,OH,562.5
Shelby,TX,562.6
Atkinson,GA,562.7
Camp,TX,563
Evangeline,LA,563.4
Alcona,MI,563.4
Early,GA,563.6
Carroll,GA,563.8
Burke,GA,563.9
Jackson,MS,564.1
Coosa,AL,564.5
Highland,OH,564.6
Attala,MS,564.9
Foard,TX,564.9
Sumter,GA,565
Alexander,IL,565
Lawrence,AR,566.1
Metcalfe,KY,566.4
Allen,KY,566.4
Green,KY,566.5
Jennings,IN,566.5
Carroll,MS,566.5
Marion,IL,566.6
Montgomery,KS,566.7
Massac,IL,566.8
Jefferson,IN,566.9
Frio,TX,566.9
Trousdale,TN,567.2
Hardin,IL,567.2
Tipton,TN,567.3
Martin,TX,567.3
Hardeman,TX,567.4
Dade,GA,567.4
Troup,GA,567.6
Henry,AL,567.7
Delaware,OK,567.7
Ward,TX,567.7
Dale,AL,567.8
Meigs,TN,568
Pulaski,KY,568.1
Houston,AL,568.2
Conway,AR,568.4
Union,AR,568.5
Polk,TN,568.5
Cattaraugus,NY,568.6
Wilcox,GA,568.8
Barry,MO,569
Mercer,OH,569.1
Lee,MS,569.4
Tift,GA,569.4
Edgar,IL,569.4
Rock,NE,569.6
Allegany,MD,569.7
Elbert,GA,569.7
Taney,MO,569.8
Hopkins,TX,570.1
Hunt,TX,570.2
Dent,MO,570.2
St. Louis City,MO,570.3
Russell,KY,570.3
Borden,TX,570.3
Bollinger,MO,570.4
Leake,MS,570.4
Adair,KY,570.5
Coffee,TN,570.5
Pierce,GA,570.7
Coffee,GA,571
Marion,TX,571
Buchanan,VA,571
Franklin,GA,571.4
Reynolds,MO,571.4
Lake,MI,571.4
Dillingham,AK,571.7
Bedford,TN,571.8
Randolph,AR,572
St. Clair,AL,572.3
Natchitoches,LA,572.6
Choctaw,MS,573
Jasper,MO,573.5
Oregon,MO,573.6
Galax,VA,573.6
Montgomery,KY,573.8
Calhoun,AR,574.1
Washita,OK,574.2
Delta,TX,574.3
Forrest,MS,575
Iosco,MI,575.4
McDonald,MO,575.5
Mobile,AL,575.6
Roscommon,MI,576.3
McClain,OK,576.3
Sabine,TX,576.5
Jefferson,TX,576.6
Madison,FL,576.6
St. John the Baptist,LA,576.9
Kleberg,TX,576.9
Robertson,TN,577.3
Wicomico,MD,577.3
Gray,TX,577.4
Osage,KS,577.9
Glascock,GA,578
Wythe,VA,578.1
Carter,MO,578.4
Vermilion,IL,578.8
Montgomery,AR,578.9
Clay,TN,578.9
Williamsburg,SC,578.9
Floyd,GA,579.2
Sevier,AR,580.1
Lafayette,AR,580.2
Yazoo,MS,580.6
Turner,GA,581
Obion,TN,581
Calloway,KY,581.1
Edgecombe,NC,581.1
Allendale,SC,581.3
Polk,AR,581.5
Winkler,TX,581.6
Jackson,LA,581.7
Cotton,OK,581.8
Ben Hill,GA,581.8
Bibb,AL,581.9
Washington,AR,582.1
Warren,GA,582.7
Cherokee,KS,582.9
Hardin,TX,582.9
Hot Spring,AR,583.1
Baldwin,GA,583.4
Greene,TN,583.5
Sherman,TX,583.6
Lyon,KY,584
Washington,MS,584.4
McCreary,KY,584.5
Dickenson,VA,584.5
Cannon,TN,584.6
Hardin,OH,584.6
Weakley,TN,584.9
Nye,NV,585
Cedar,MO,585.1
Campbell,TN,585.1
Young,TX,585.2
Sussex,VA,585.3
Harrison,MS,585.3
White,TN,585.4
Lamar,GA,585.5
Trimble,KY,585.8
Hinds,MS,585.8
Lawrence,KY,586.4
Talbot,GA,586.7
Stewart,TN,587
Irwin,GA,587.2
Webster,KY,587.2
Bradley,TN,587.3
Schuylkill,PA,587.7
Bay,MI,587.7
White,AR,587.8
Henderson,TX,587.8
Washington,GA,588
Genesee,MI,588
Bath,KY,588.2
Webster,LA,588.4
Marion,TN,588.8
Macon,TN,588.8
Winston,AL,589.4
Nowata,OK,590
Perry,MS,590.1
Jackson,AR,590.2
Marshall,TN,590.2
Winston,MS,590.4
Sharkey,MS,590.5
Bladen,NC,590.5
Norton,VA,590.6
St. Francois,MO,591.6
Wilkes,GA,591.6
Ogemaw,MI,591.7
Ector,TX,591.7
Vinton,OH,591.8
Livingston,KY,591.9
Florence,SC,591.9
Wright,MO,592.2
Angelina,TX,592.5
Jasper,TX,592.6
Madison,MO,592.7
Ouachita,AR,592.7
Columbia,AR,592.9
Chenango,NY,593.4
Arkansas,AR,593.5
Cullman,AL,593.6
Talladega,AL,594.2
Wyoming,WV,594.2
Boone,AR,595
Iberia,LA,595.7
Sumter,AL,596
Pasquotank,NC,596.1
Stoddard,MO,596.5
Harrison,KY,596.5
Washington,FL,596.7
Clare,MI,596.9
Pulaski,IL,597.5
Wise,VA,597.8
Anson,NC,598.1
Fannin,TX,598.2
Fulton,KY,598.6
Owen,KY,598.8
Itawamba,MS,598.8
Pottawatomie,OK,598.9
Bracken,KY,599.3
Trinity,TX,599.4
Bienville,LA,599.7
Acadia,LA,599.7
Howard,AR,599.8
Monroe,MS,599.9
Danville,VA,599.9
Amite,MS,600
Marshall,KY,600
Childress,TX,600.2
Morgan,AL,600.4
Ripley,MO,600.4
Creek,OK,600.4
Moniteau,MO,600.5
Issaquena,MS,600.6
Red River,TX,600.6
Clay,AR,600.7
Morris,TX,600.9
Cross,AR,601.4
Pawnee,OK,601.9
Mineral,NV,602
Jack,TX,602
Vernon,MO,602.6
Pike,KY,603
Pickens,AL,603.2
Hancock,TN,603.3
Johnson,KY,603.5
Chester,TN,603.6
Burleson,TX,603.6
Rhea,TN,603.6
Colleton,SC,603.7
Cooper,MO,603.8
Jim Wells,TX,603.9
Hale,AL,604.3
George,MS,604.5
Hall,TX,604.9
Benton,TN,605.6
Cherokee,SC,606.6
Ware,GA,606.7
Pike,AR,606.9
Crittenden,KY,607.5
Ashley,AR,608
Pike,MS,608
Geneva,AL,608.1
Sharp,AR,608.1
Nicholas,KY,608.8
Johnston,OK,609.1
Le Flore,OK,609.1
Yell,AR,610.7
Fayette,AL,611.2
Clay,MS,611.4
Bradley,AR,611.9
Jones,MS,612
Hooker,NE,612
Linn,MO,612.4
New Madrid,MO,612.5
Estill,KY,612.6
Jefferson,OH,612.8
Lee,SC,612.9
Logan,WV,613.4
Simpson,KY,613.9
Clark,AR,614
Cottle,TX,614.6
Morgan,MO,615.5
Mississippi,MO,615.5
St. Clair,MO,615.9
Haralson,GA,615.9
Miller,AR,616
Cherokee,TX,616
Lawrence,TN,616.3
Woodruff,AR,616.4
Montgomery,MS,616.5
Garvin,OK,616.5
Dallas,AR,616.9
Nevada,AR,617.4
Cherokee,OK,617.5
Scott,MS,617.5
Starke,IN,617.7
Corson,SD,617.9
Noxubee,MS,618.1
Wayne,MI,618.1
Tallahatchie,MS,618.4
Butler,MO,618.4
Chicot,AR,618.9
Cameron,LA,619
Lewis,MO,619.1
Montague,TX,619.1
Crenshaw,AL,619.3
Escambia,AL,619.4
Lauderdale,MS,619.6
Rapides,LA,619.6
Haywood,TN,619.8
Independence,AR,620.2
Muscogee,GA,620.2
Hempstead,AR,620.5
Union,LA,620.6
Claiborne,TN,620.6
Somerset,MD,621.6
McDowell,WV,621.7
Franklin,MS,622
Caldwell,KY,622.1
Lowndes,AL,622.5
Little River,AR,622.7
Orange,TX,622.8
Adair,OK,623.3
Tattnall,GA,623.8
Hardeman,TN,623.9
Claiborne,LA,624.2
Holmes,FL,625.2
Mayes,OK,625.7
Lamar,AL,626.2
Madison,AR,626.4
Lewis,TN,626.5
Lincoln,TN,626.9
Warren,TN,626.9
Potter,TX,627
Hopewell,VA,627
Baltimore City,MD,627.2
Mitchell,TX,627.7
Bowie,TX,628
Nottoway,VA,628.7
Emanuel,GA,628.7
Montgomery,GA,629.3
Washington,AL,629.9
Pontotoc,OK,630
Benton,MS,630.1
Calhoun,MS,630.6
Union,MS,630.7
Miami,IN,631.2
McMinn,TN,631.2
Cass,TX,631.3
Chesterfield,SC,631.5
Appling,GA,631.7
Chattahoochee,GA,632.1
Macon,AL,632.4
Walthall,MS,632.7
Vermilion,LA,632.9
Liberty,TX,632.9
Conecuh,AL,633
Smith,MS,633.2
Jasper,MS,633.7
Stephens,OK,633.8
Monroe,AR,633.8
West Carroll,LA,634
Murray,OK,634.8
Union,SC,635
Morehouse,LA,635.1
Clay,KY,635.7
Brunswick,VA,635.8
Okmulgee,OK,637.4
St. Francis,AR,637.8
Lawrence,AL,637.8
Meriwether,GA,637.8
Mariana Islands,MP,638.6
Newton,MS,638.7
Chattooga,GA,639.4
Cherokee,AL,639.4
Grant,KY,639.5
Phillips,AR,640.4
Greene,AL,640.7
Haskell,OK,640.7
Vermillion,IN,640.9
Jefferson Davis,LA,641.1
Covington,AL,641.2
Henry,MO,641.4
Colbert,AL,642.1
Clinton,KY,642.3
Texas,OK,642.3
Jefferson Davis,MS,642.6
American Samoa,AS,642.7
Cumberland,KY,643.3
McIntosh,OK,643.9
East Carroll,LA,644
Covington,MS,644.1
Newton,TX,644.1
Jackson,OH,644.2
Bacon,GA,644.2
Fleming,KY,644.3
Bristol,VA,644.9
Polk,GA,645
Carter,OK,645.3
Letcher,KY,645.7
Pointe Coupee,LA,645.8
Lincoln,MS,646.2
Tate,MS,646.3
Wayne,TN,646.6
Menifee,KY,647
Floyd,KY,647.7
Winn,LA,647.8
Marshall,AL,649.2
McCurtain,OK,649.5
Wilkinson,GA,650.3
Lee,AR,650.8
Wayne,MS,650.9
Sequoyah,OK,651.1
Richland,LA,651.6
Grundy,TN,651.6
Franklin City,VA,651.9
Washington,LA,652.6
Henry,TN,653.6
DeKalb,TN,653.9
Copiah,MS,654.5
Richmond,NC,654.6
Lincoln,AR,654.9
Drew,AR,654.9
Van Buren,TN,655.1
Dyer,TN,655.4
Scioto,OH,655.8
Greene,MS,656.1
Yalobusha,MS,657.3
Lake and Peninsula,AK,658.1
Knott,KY,658.8
Wayne,GA,658.9
Chilton,AL,659.1
DeKalb,AL,660
Palo Pinto,TX,660.5
Clarke,MS,660.7
Choctaw,AL,661.3
Cleburne,AL,661.4
Mingo,WV,661.4
Fayette,OH,661.8
Chickasaw,MS,662
Robertson,KY,662.8
Vernon,LA,663.8
Cleveland,AR,664.6
Latimer,OK,665.1
Franklin,AL,665.8
Decatur,TN,666
Mason,KY,667.2
Quitman,MS,667.8
Perry,AL,669.4
Mississippi,AR,669.6
Avoyelles,LA,669.7
Henderson,TN,670.4
McNairy,TN,670.4
Gibson,TN,670.6
Hopkins,KY,671.4
Dillon,SC,671.7
Clay,AL,671.8
Toombs,GA,672.6
Twiggs,GA,673.6
Macon,GA,673.7
Alcorn,MS,674
Clinch,GA,675.4
Dunklin,MO,675.8
Peach,GA,677.2
Etowah,AL,677.2
Hutchinson,TX,679.6
Jackson,KY,682.3
Concordia,LA,682.3
Tippah,MS,682.3
Poinsett,AR,682.6
Bibb,GA,682.7
Coahoma,MS,683.8
Marion,AL,683.9
Wilkinson,MS,684.7
Butler,AL,685.8
Anderson,TX,686.5
Calcasieu,LA,689.1
Columbus,NC,689.2
Warren,MS,690
East Feliciana,LA,690.9
Polk,TX,691.2
Upson,GA,691.6
Lawrence,MS,692.7
Jackson,AL,693
Sunflower,MS,693.2
Jefferson,OK,693.3
Guam,GU,693.4
Union,FL,694.1
Pittsburg,OK,695.5
Crockett,TN,696.2
Beauregard,LA,696.5
Darlington,SC,696.8
Hardin,TN,700.6
Calhoun,AL,700.8
Randolph,AL,701.2
Candler,GA,701.9
Bell,KY,702.1
Harlan,KY,703.9
Crawford,MO,704
Marengo,AL,704.8
Seminole,OK,706.2
Lauderdale,TN,706.8
Whitley,KY,707.6
Marion,SC,708.2
Pushmataha,OK,708.4
Lake,TN,708.9
Perry,TN,708.9
St. Landry,LA,710.2
Holmes,MS,711.6
Powell,KY,712.4
Jefferson,AR,712.5
Humphreys,MS,712.6
Webster,MS,717.5
Leslie,KY,719.9
Tishomingo,MS,720.4
Claiborne,MS,721.1
Pemiscot,MO,724.2
Jefferson,MS,725.2
Iron,MO,726.2
Howard,TX,727.1
Sioux,ND,729.4
Wilcox,AL,729.5
Craig,OK,730.8
Martinsville,VA,738.9
Dallas,AL,739.3
Ottawa,OK,739.5
Cocke,TN,739.9
Owsley,KY,743.8
Hughes,OK,744
Panola,MS,745.4
Okfuskee,OK,745.5
Walker,GA,746.5
Monroe,KY,748.1
Bolivar,MS,748.4
Atoka,OK,749.9
Gallatin,KY,752.7
Perry,KY,756.2
Grenada,MS,762.5
Petersburg,VA,765.7
Lee,KY,769
Tensas,LA,771.3
Coal,OK,771.7
Ochiltree,TX,772.7
Choctaw,OK,772.9
Carroll,TN,776.7
Neshoba,MS,779.3
Roosevelt,MT,790.2
Muskogee,OK,791.5
Tunica,MS,800
Madison,LA,800.5
Jeff Davis,GA,808.4
Walker,AL,808.8
Breathitt,KY,820.9
Desha,AR,840.2
Marlboro,SC,844.1
Wolfe,KY,853.5
Covington,VA,860.9
Greensville,VA,867.7
Caldwell,LA,876.6
Washington,MO,878.7
Leflore,MS,880.5
Catahoula,LA,881.7
Franklin,LA,1202.6